abf=Allison Barnard Feeney <abf@nist.gov>
abhpf=Harold P. Frisch <Harold.P.Frisch@nasa.gov>
ankyungik=Kyung-Ik An <kyungik.an@partdb.com>
bdanderson=Bill Anderson <Anderson@aticorp.org>
brandon=Brandon Sapp <brandon.sapp@boeing.com>
brandonus=Brandon Sapp <brandon.sapp@boeing.com>
buchanan=Ken Buchanan <buchanan@aticorp.org>
budreckytej=Jurgita Budreckyte <jurgita.budreckyte@lksoft.lt>
burick=Ben Urick <benurick@nvariate.com>
ca_agostinho=Carlos Agostinho <ca@uninova.pt>
ckreiler=Chris Kreiler <ckreiler@caci.com>
darla=Darla Nettles-Edwards <darla.nettles@scra.org>
davidleal=David Leal <david.leal@caesarsystems.co.uk>
dgnedwards=Darla Nettles-Edwards <darla.nettles.edwards@gmail.com>
dloffredo=David Loffredo <loffredo@steptools.com>
dmprice=David Price <david.price@eurostep.com>
duchierp=Pierre Duchier <pierre.duchier.external@airbus.com>
erieger=Erik Rieger <erieger@ptc.com>
fdarre=Frederic Darre <frederic.darre.external@airbus.com>
fourniea=Alexandre Fournier <alexandre.fournier@boost-conseil.com>
ftanaka=Fumiki Tanaka <ftanaka@ssi.ist.hokudai.ac.jp>
fumikitanaka=Fumiki Tanaka <ftanaka@ssi.ist.hokudai.ac.jp>
hz0wyg=Mike Loeffler <hz0wyg@aol.com>
jean=Jean Brangé <jean.brange@boost-conseil.com>
jhaenisch=Jochen Haenisch <jochen.haenisch@jotne.com>
joshualubell=Joshua Lubell <joshua.lubell@nist.gov>
kahunten=Keith A. Hunten <KAHunten@gmail.com>
kevletu=Kevin Le Tutour <kevin.letutour@boost-conseil.com>
kovaliovas=Viktoras Kovaliovas <viktoras.kovaliovas@lksoft.lt>
leifgyllstrom=Leif Gyllstrom <leif.gyllstrom@aerotechtelub.se>
lglauro=Luciano Lauro <luciano.lauro@tin.it>
liutkus=Giedrius Liutkus <giedrius@lksoft.lt>
liutkuviene=Asta Liutkuviene <Asta.Liutkuviene@lksoft.com>
lklein=Lothar Klein <lothar.klein@lksoft.com>
lothartklein=Lothar Klein <lothar.klein@lksoft.com>
mariajnunez=Maria José Nuñez <mjnunez@aidima.es>
mharvey=Melissa Harvey <Melissa.K.Harvey@Boeing.com>
mikeward=Mike Ward <mike.ward@eurostep.com>
mjbenda=Michael Benda <mjbenda@rockwellcollins.com>
mungerer=Max Ungerer <max.ungerer@prostep.com>
nigelshaw=Nigel Shaw <nigel.shaw@eurostep.com>
panetto=Hervé Panetto <Herve.Panetto@cran.uhp-nancy.fr>
philsp=Phil Spiby <phil.spiby@eurostep.com>
pspiby=Phil Spiby <phil.spiby@eurostep.com>
radack=Gerald Radack <radack@ctc.com>
robbod=Rob Bodington <rob.bodington@eurostep.com>
saidualc501=claudia huebner <claudia.huebner@boeing.com>
seanbarker=Sean Barker <sean.barker@baesystems.com>
shiangyulee=Shiang-Yu Lee <shiang-yu.lee@boeing.com>
sonofre=Sérgio Onofre <onofre@holos.pt>
soonjoy=Soonjo Kwon <soonjoy@kaist.ac.kr>
sophieherail=Sophie Herail <sophie.herail@airbus.com>
staubgu=Günter Staub <staub@pdtec.de>
thendrix=Tom Hendrix <thomas.e.hendrix@boeing.com>
thomasrthurman=Thomas R. Thurman <thomas.r.thurman@imonmail.com>
tmklsc=Tim King <tmk@lsc.co.uk>
tore_dexlib=Tore Hartvigsen <tore.hartvigsen@dnv.com>
ungerer=Max Ungerer <max.ungerer@prostep.com>
verodub=Véronique Dubillot <vero@boost-conseil.com>
whaas=Wolfgang Haas <w.haas@haspar.de>
ybaudier=Yves Baudier <yves.baudier@afnet.mobi>
zurayrs=Rick Zuray <richard.s.zuray@boeing.com>
ianbailey=Ian Bailey <ian.bailey@eurostep.com>
johnspencer=John Spencer <john.spencer@pennantplc.co.uk>
keith=Keith A. Hunten <KAHunten@gmail.com>
bjrono=Bjōrn Rōnneberg <bjrono@ifs.no>
leyson=Albert Leyson <Albert.Leyson@dnv.com>
rswindells=Robert J. Swindells <rjs@fdy2.co.uk>
kevin=Kevin Le Tutour <kevin.letutour@boost-conseil.com>
tom=Thomas R. Thurman <thomas.r.thurman@imonmail.com>
amipaola=Aminata Mbengue <aminata.mbengue@boost-conseil.com>
fred=Frederic Darre <frederic.f.darre@airbus.com>
goset1=GOSET (defunct account) <postmater@step-bugzilla.com>
mike=Mike Ward <mike.ward@eurostep.com>
rick=Rick Zuray <richard.s.zuray@boeing.com>
sjohnston=Stephen G. Johnston <Stephen.G.Johnston@boeing.com>
keenan=Michael Keenan <Michael.Keenan@boeing.com>
rick_foley=Rick Foley <rick.foley@tobyhanna.army.mil>
joshpearce2005=Josh Pearce <joshpearce2005@stepmod.cvs.sourceforge.net>
rugarcia=Ruben Garcia <rugarcia@stepmod.cvs.sourceforge.net>
rocc=Ricardo Olavo da Costa Cabrita <rocc@stepmod.cvs.sourceforge.net>
magnevs=magnevs <magnevs@cvs.boost-conseil.com>
nikbarron=nikbarron <nikbarron@cvs.boost-conseil.com>
uid171824=uid171824 <uid171824@cvs.boost-conseil.com>
uid1771875=uid1771875 <uid1771875@cvs.boost-conseil.com>
uid178182=uid178182 <uid178182@cvs.boost-conseil.com>
uid78877=uid78877 <uid78877@cvs.boost-conseil.com>
uid93535=uid93535 <uid93535@cvs.boost-conseil.com>
